sha256,family,malware,apidetected,identical,similar,new,deleted,similarity
1F43FBB007383059EF236A5E6A5793FDD656130009F7A880A4E420F9EFA14AE7,None,False,False,18239,1,0,0,0.9999451754385965
1D239AC5886F9A6C321F0CD520E5CF507D7BD97B72AEEC0A3A93F2CE1AF19F66,douwan,True,False,12325,1,15,0,0.9999188706798637
9B8010FF3755C2C008FBFE2304E7E4B5D39AB9788A3E4EE345A1C111265F42E9,youmi,True,False,979,0,0,0,1.0
89AB2F26037AE77408870F2AB4EE6B6A31D1BFAD5EE463C82AA0524E02A2E399,airpush,True,True,813,7,112,0,0.9914634146341463
C454A81A1481BC85DBF579E01DB3BB13ECD4C6AB2C2F177B9D87B9BD51010979,kuguo,True,True,1354,0,480,0,1.0
8A705C9D314B94A5C86FB5F4B8DC64706F0378970D8B8E474AD63F284EE7836A,dowgin,True,True,520,1,989,0,0.9980806142034548
92FC9F43E4223C49502765583E42BAD3C59059637371EEDA1D03DC9739B1DCE3,None,False,True,3276,501,510,226,0.8183862103422433
47618CC9EDE3CD0F28AD6482BA7B0E6609279DFBEAF336F3F0E0D2B598148184,kuguo,True,True,354,1,1230,0,0.9971830985915493
48214F2D1AB1509DB9BF379861C00CD8026E060E4A872C13813C8724262DC4F1,youmi,True,False,310,0,189,0,1.0
BB602F10C5B6BCA72570E572B1AEF22AE0364930016B94888B4B25F5A9A5D3FF,wooboo,True,True,124,18,214,486,0.34831460674157305
0783788FD9B100136F336E3026C0126A0FFAA5064C68F020D4CDF7A6462C4ABF,None,False,False,4319,5,0,0,0.9988436632747456
73CAE12E86EF62ECB1B8A0C1535995EB0915396A1ADFB7B2D145B528205C9296,None,False,False,395,28,11,38,0.9101382488479263
37B4CF755480F1B55E6140DB3A2CDB11CCB3771FEE1D001F79EE32B70FB28120,kuguo,True,True,861,1,1055,0,0.9988399071925754
45A5E64CCC381527CD5306FFB8E0B1BF9E99F3C27051F3D57EE5B0AA5322C0E5,None,False,False,4450,1,0,0,0.9997753313862053
43BEA394D0C1926023D552D296FEBAF61B32B66115CCC3574DF3648A3C2747F4,None,False,False,442,0,0,0,1.0
3617D1E16767606A8059054E556FAB99281B60C2C428A79212D606AB0E91B98C,None,False,False,2114,408,432,563,0.7156398104265402
C96BDB5942413D50FC40FDB7100E94A2C8EF4A6CB6A855B80BC7F7F6868CDEF7,None,False,False,8846,0,0,0,1.0
CA8BB2A18417B5F6BDAE9BEE239FE10BC9845A5108B2B8CF1D3707FA49B5CED1,kuguo,True,True,4440,1,2342,0,0.9997748254897546
03E4B7D80A9CB3C2169F2CF4BAD1EDFBE14D5A3EB5DFC7CAEEACB9A6557BAC23,kuguo,True,True,666,0,1599,0,1.0
D774433DBA16C33AA2798C7167955F415D6648DCA413A94E50E1B0179E4B0A66,dowgin,True,True,144,126,644,255,0.2742857142857143
D9FFC46384AD8D8ADDE640DB89A6101CD4C2ACA7AE618AC3898119FB3F8098C2,dowgin,True,True,274,1,1352,0,0.9963636363636363
1D996C5462DB7F58C4F80C395FD1480D18A119B85DBF4CCC8F77200F392E0B20,kuguo,True,True,761,9,1300,4,0.9832041343669251
46923DF62CF5B08670EC2E2AA979ECC23D66476E131D4C2F1BBF53C18E86EEC6,youmi,True,False,1100,0,0,0,1.0
6A2505A2B66A3D8031FB32F3982F4E5346361E4AE5E5879756DFD48856204E85,None,False,False,567,1,0,0,0.9982394366197183
C7BDA923E483C9498EC16BAF0FB34614C8A06F3390D05A438E1EA632F2DD0515,None,False,False,743,1,0,0,0.9986559139784946
53F3F346C72292EEBBBCD979377C7A3A086007F074ED53F46828C597FDFC53F6,kuguo,True,True,3309,1,2679,0,0.9996978851963746
1C2D30B622746AD19B495CA1E28D3B3DC7F0ADE684E120D395AE83E821E5BB88,dowgin,True,True,1888,2,1352,0,0.9989417989417989
5A56803C6ABC55312B858984E8A2139E4C9F413698D01A692941595F0B7F4829,pushad,True,True,669,1,265,0,0.9985074626865672
2FD24702BAC1EED33EDCC85A2846738E0A6C869D1B40719F2399CC3EDE6C56D5,adwo,True,True,515,0,1392,0,1.0
CEBBBDAAC71F31619BFAF9BE9F0F13FFBED47285EC2D0F336354F9CEFDED1983,kuguo,True,True,3742,1,1446,0,0.9997328346246327
C9F77F0849974A41D6A35CB00E2A4274B4D4A3A5435A1A7CEAC645DC32805A03,None,False,False,6288,44,0,0,0.9930511686670878
3FF73591AB3C0BD3D8271A3F5B5643154F3E4D6DFF7203FBFFF052AEA71BB9B1,None,False,True,157,0,478,0,1.0
3EB5D250E17A2A3BBEA914C5C4B7DE0CE94EED936EC4158F417D65CF75E26696,kuguo,True,True,974,1,575,0,0.9989743589743589
3302A79051F7FFE20D56CE94D0DE0041E1F7217F6CE976DCEBB7093954B74BD8,boqx,True,True,8877,0,25,0,1.0
77C591664485427287535C8BE4CAA67AACE75342AA48766C720189301603C680,kuguo,True,True,2509,5,1230,7,0.9952399841332804
ADC32D86A5D4785BA15FAFCA79AB1A4078BD5FED5E973222268C539F6B50AFE6,None,False,False,542,0,0,0,1.0
A287546C13492798F5903EAB3EC0D648A23CAE795C05274A74674EADD7214AF9,kuguo,True,True,3864,2,1171,0,0.999482669425763
8285337EFEF19C7B80ED5AA1CF11F45922A17C0E6CA26572D252D167447B83FA,kuguo,True,True,95,1,949,0,0.9895833333333334
BF2CEE975F95856A79757A54788DBA887B373C94046BE81EC338BCD34B830836,None,False,False,958,2,0,0,0.9979166666666667
8F1F970596D1DD897E31E8B8C3FB173B158F95CC1174B3B40632770AE5D5F7FB,kuguo,True,True,51,1,2509,0,0.9807692307692307
C1CB5E292BEB223CAF63226622CDD044BDF586C4C730EFFC31FB2B7B2F53C9D1,kuguo,True,True,2288,1,1327,0,0.999563128003495
DBF52403855BEB084EC6D38BD93318CCA927302BFFCA904B77682FDE267E6210,kuguo,True,True,169,2,1444,0,0.9883040935672515
8CD4179BD127AA92B8CE0126B25DD106B37D269320ABDA679E1A82BFA7BC16A2,kuguo,True,True,665,1,2679,0,0.9984984984984985
9F7FDE7B3D0A03654179FBA3477B063699D718B2484154C95077CE584CCD10B9,None,False,False,49,15,334,180,0.20081967213114754
6E9F2EF85B1DD53E602BC29B2F13A8AB6E342990CBC7B75EA5A7350D99FE3864,kuguo,True,True,3130,1,1300,0,0.9996806132226126
E1C2BA4B70E3616854C1C949BAB68D9C9EA3D695C5C6F09263B42FEDB83041F9,youmi,True,True,119,75,997,39,0.5107296137339056
92AA70538DCEDC3D20E553FBA881A9CDFF9A7CA442F297EDC84356D41210FC56,dowgin,True,True,837,3,631,0,0.9964285714285714
2C7FD0C6612B20A767FF3A371CB0F91DFE5CC47813FB7E887060AB579EFB8E39,kuguo,True,True,1300,1,2139,0,0.9992313604919293
2EF09ACA1B3A4ACBFB2C33EF14D5EF06150BF88662B35A90F98A74ACCABAF6BE,pjapps,True,True,396,8,100,0,0.9801980198019802
276DC8013A631D7A3368F9F264C42C1EE64B928DF3FBD535EB962E738A1BD423,kuguo,True,True,7986,1,2679,0,0.9998747965443846
802405B197A1A4C4635633C5EDE07F2325FE72741E0C4BD2E9604E30E241FBC5,kuguo,True,True,5563,3,2846,0,0.9994610132950054
2554832478D000C4836F508A41783E40888F6999486108FFDD4C12F93A8C8853,dowgin,True,True,658,1,456,0,0.9984825493171472
86655F2820E91F2B2AF43439E4DCDE6DCA80EE880380AE2C894B884AD7F18FA5,kuguo,True,True,7058,0,1005,0,1.0
DFE187680B20DD5119F08EDA71A317FC45139382CEE1466F21C3623C5F5A127D,adwo,True,True,4135,0,1392,0,1.0
6E84F130A315A5CDCA428ABE9224759622DE3D36591CB3981849C76DDC111828,smsreg,True,True,1803,2,1071,0,0.9988919667590028
2AAAEAC224701E7537D728C4DE6A06F8103EDDEE89ADB0989833A27F3ED95907,dowgin,True,True,3740,1,276,0,0.9997326917936381
B50AB10475662C6CE87211984066534A5C3A1F65E666A3EE27AE56C6313F393A,None,False,False,361,31,0,0,0.9209183673469388
7EB06AA2DF84855EE73AB3D9DBD4F5128C5C0C98ED3C31901DFC7568B34B7B34,None,False,False,2861,0,0,0,1.0
0BD4FFCCD00AB5CDFB4239FD0F2E8A49B43E97A6ACA37562AC84CA08F1ADBBDF,None,False,True,10,0,6706,1885,0.005277044854881266
8FF6FD070D2ECFF9F8EEDD32C7BDFB21E3B8BA480A7C44939EACE06BC909F5C2,domob,True,True,288,0,680,0,1.0
9206DB87EB97A43429E181A1CA5FD568AE2211255682A2D959CBE460882AFB37,None,False,False,608,1,0,0,0.9983579638752053
9F75AB9C9E77CC78803DA994398D35D62BB0AA884921AE31E0481AB73CAF5FF0,domob,True,True,662,0,680,0,1.0
4AF75669FF2E26EB26A62DDE3F864FD296D0656FE4B6823024EFDF6530A54534,admogo,True,True,23,26,1745,260,0.0744336569579288
22BCBCE8C7810EC9E92DFC64025D26FA1DCEA81632B7DABF92910D2901E348CF,kuguo,True,True,3431,1,1602,0,0.9997086247086248
1C47A590F197004CA767FE6605F77101D5CBAC57F7022849367FFDF9CF206FAD,kuguo,True,True,653,1,2682,0,0.9984709480122325
5458E2FC42B2B7DAEA8BC97B62C580171D9A64B0C5C9BCB42A44869EE3ECC984,dowgin,True,False,7996,1,76,0,0.9998749531074153
8503D0964BAFD4A24C7E91292E256B354040A21BC3300D641A3236D080DDB66A,kuguo,True,True,5188,1,991,0,0.9998072846405859
4B146AA4FD45E2491A93C4B48801EC147BA0A5ED2AF7ABEE9C2F58BC798C5EC1,kuguo,True,True,1348,1,2341,0,0.9992587101556709
3B84803142BFA6DB2BC325F8BE61B388B58DE48517836417203C526447303B4B,None,False,True,96,4,10,7,0.897196261682243
C08786A8670D303AD2B6CB6CABD23C7828DDD66C3BDC2AEB635C9CC9118A771A,gappusin,True,True,5777,58,633,105,0.9725589225589225
61A821BFC736D682D560339E05923437F90A66B1ADF95E26D112F693D65B8131,dowgin,True,True,647,1,73,0,0.9984567901234568
2875570F5F00B29A4CD9BB8F33FDFB93EF97063DA532DB6A9A9E195960926D35,None,False,False,1872,0,0,0,1.0
A7EE14E6D38FCF58ECB8A774955E28890E6486CA4B59D1F633AC8FF0A5D7ECA6,dowgin,True,True,945,5,984,0,0.9947368421052631
86A34754D9A80B8483067DF420E107AC8BC4BEE0E2B2BC7B29A287730F5A153C,None,False,True,10,0,6706,1440,0.006896551724137931
01C1011ACDAC7A9CF40231626B5C4F556FC8EC92A173F3B87897CEBE70BEB883,kuguo,True,True,783,1,2509,0,0.9987244897959183
C42B95620CAAAE1C03DFE1F2C756A3583CD0731D8522EE3275E9196DB8027753,adrd,True,True,541,24,158,0,0.9575221238938053
D0590B2F405A44B4252FA128FEAC026BAF94BF8DCB4D1B3A77E6BEA8FC7A2729,None,False,False,1741,0,0,0,1.0
B8510B58474093BDCC8DB1ECADFF7373CA9B024ABB2529FA308760A7AB3A1487,None,False,False,782,5,0,0,0.9936467598475223
3F0880FFBF4F6460C88CBCDEAD1C756A91777E16DA81B856F2395F44CD644B33,wooboo,True,True,114,6,212,477,0.3433734939759036
92FCE0663DF69322D1B2B5D18258E6DF515A12ECCA2F13F86013A812C2122F07,kuguo,True,True,4555,2,1642,0,0.9995611147684881
D2070E7540DEEEB1A48243EE55BAEDCB3B4C5F8EF2F30958E8F9039507518C49,None,False,False,6375,86,103,154,0.9712065813528337
C542BBC89667062BDD8884E94F1BC43F47E5D4A6C3F382509A75E6B299BCCF94,None,False,False,807,24,0,0,0.9711191335740073
21C1C83B2CCA9CA8DE0CE57A3D5DA5BC07D5414D10B60C4C20C6EEA4D5277347,kuguo,True,True,1969,0,1599,0,1.0
C8B3808292A61899B8BCC02A55E665655F678F2B923F206FA502144ACB2F2498,None,False,False,2954,140,0,0,0.9547511312217195
BD570C0F3268F0659F04BD6AA6C9E41DF1EC69F906AEF858E3A717B943B575B3,kuguo,True,True,5221,1,1461,0,0.9998085024894676
0A00988A824B3582FA58C2E76FC2352D4E91CED9C9987042113F602D53D25B0E,domob,True,True,235,0,407,0,1.0
BC61AF4B4B1F9E6DDE8B1040B06761DE1A90D7DC651E225EAD4D3EF8E262011B,bintal,True,False,4,26,687,483,0.007797270955165692
5DFCB749152E5FE3932909D2071D1D2575E1DC71225C27D61BE453CEBB222510,dowgin,True,True,399,1,1378,0,0.9975
7ABDDED877DE061FF5746931EE70FB9118F8A6CE6555C46A99438B601E6C79EC,None,False,False,7189,0,0,0,1.0
A8CCEE54F43F2A244699EFFFCCC4A9E4A9ADBF9CE73171AB6FD034B6E990C354,dowgin,True,True,3933,94,842,6477,0.8077634011090573
A57AB7B618F0D815D9AABB2688147BC97A73E5DF38CC125738E9A28F286834C3,youmi,True,False,565,1,190,0,0.9982332155477032
817B27D87897913DD536DB18276BC15A45BD5001B6C4F355E97D83DC1461D2AD,None,False,False,708,161,138,134,0.7058823529411765
89F63C6DFA556087D29B390C875BCC7CB85BA1863E6938AA7FF991FA4496B84B,ksapp,True,True,342,6,414,4484,0.44881889763779526
BF1F776AFC5976EB354E9EC0839C9D6F1521C539859C916DEC5591CE9D365F8F,kuguo,True,True,4918,1,2139,0,0.9997967066476926
D40C209A276F2ED51B08C066A9AEF98A2BE2C1E752FF36996015DB8E24A0D9F6,None,False,True,10,0,6705,1654,0.006009615384615385
9B2D970A9793E49EF92DD5C70641D793490C831420E0BFD68AB19740179CCC58,kuguo,True,True,519,2,1171,0,0.9961612284069098
CCEA2DAAEE5D9EF65876B8B1E7AED79454CD7E501F291ED2ACA0E4973FF1075F,None,False,False,479,32,8,8,0.9229287090558767
3D236B2A21DB5BB5D704A6A55B4A49F145EECE8F5FBF1825D8B0E31FB1E0EF20,kuguo,True,True,1640,2,1300,0,0.9987819732034104
D0399869E5B3EFF4670D6C1DEE1398ADD411B178E98020A6A95F3FBFB0C3C1E8,None,False,False,268,1,0,0,0.9962825278810409
216CFE2B3FA445495D754773A2E4D06F7BE66D09E410B30ECA84FE875A00C170,None,False,True,2876,9,5113,1812,0.6123057270598254
D22BF24BD9CC27D8EAF4D7F5F0A1AB00418038798F947D779DCAB63CFDDAD566,kuguo,True,True,1809,0,478,0,1.0
1C537B05F4030982F9BE77896BB69F6CD6E39A4547E5D2C399D27B20E09CD84A,kuguo,True,True,392,0,1263,0,1.0
